Class of hydrocarbon,IUPAC name,Melting point,Boiling point,Density@20å¡C*,Flash point,Autoignition temp,pubchem_id,smiles
Trimetylalkane,"2,2,4-Trimethylpentane",-107,99,0.69,,396,10907,CC(C)CC(C)(C)C
Triaromatics,Phenanthrene,99,338,1.18,171,>450,995,C1=CC=C2C(=C1)C=CC3=CC=CC=C32
Triaromatics,Anthracene,216,341,1.2825,,,8418,C1=CC=C2C=C3C=CC=CC3=CC2=C1
Triaromatics,1-methylanthracene,86,342,1.04799,,,11884,CC1=CC=CC2=CC3=CC=CC=C3C=C12
Triaromatics,2-methylanthracene,209,340,1.8,,,11936,CC1=CC2=CC3=CC=CC=C3C=C2C=C1
Tetrahydro-nahphthalene,"1,2,3,4-tetrahydro-naphthalene",-35,207,0.973,,384,8404,C1CCC2=CC=CC=C2C1
Tetrahydro-nahphthalene,"1,2,3,4-tetrahydro-5-methyl-naphthalene",-23,234,0.972,,,17768,CC1=C2CCCCC2=CC=C1
Tetraaromatics,Benzophenanthrene,256,448,1.274,,,9170,C1=CC=C2C(=C1)C3=CC=CC=C3C4=CC=CC=C24
Tetraaromatics,Chrysene,255,448,1.274,,,9171,C1=CC=C2C(=C1)C=CC3=C2C=CC4=CC=CC=C43
Tetraaromatics,Triphenylene,196,438,1.302,,,9170,C1=CC=C2C(=C1)C3=CC=CC=C3C4=CC=CC=C24
Tetraaromatics,Pyrene,156,404,1.21,200,,31423,C1=CC2=C3C(=C1)C=CC4=CC=CC(=C43)C=C2
N-alkane,Methane,-183,-162,-,-135,595,297,C
N-alkane,Ethane,-183,-89,-,-135,515,6324,CC
N-alkane,Propane,-188,-42,0.498,-104,470,6334,CCC
N-alkane,N-butane,-138,-1,0.577,-60,365,7843,CCCC
N-alkane,N-pentane,-130,36,0.63,-49,260,8003,CCCCC
N-alkane,N-hexane,-95,69,0.664,<-20,230,8058,CCCCCC
N-alkane,N-heptane,-91,98,0.683,-7,220,8900,CCCCCCC
N-alkane,N-octane,-57,126,0.702,12,205,356,CCCCCCCC
N-alkane,N-nonane,-53,151,0.719,31,205,8141,CCCCCCCCC
N-alkane,N-decane,-30,174,0.73,46,200,15600,CCCCCCCCCC
N-alkane,N-undecane,-26,196,0.74,61,195,14257,CCCCCCCCCCC
N-alkane,N-dodecane,-10,216,0.75,80,200,8182,CCCCCCCCCCCC
N-alkane,N-tridecane,-5,235,0.756,,,12388,CCCCCCCCCCCCC
N-alkane,N-tetradecane,6,254,0.76,,,12389,CCCCCCCCCCCCCC
N-alkane,N-pentadecane,15,270,0.769,,,12391,CCCCCCCCCCCCCCC
N-alkane,N-hexadecane,18,287,0.773,,,11006,CCCCCCCCCCCCCCCC
N-alkane,N-heptadecane,22,303,0.778,,,12398,CCCCCCCCCCCCCCCCC
N-alkane,N-octadecane,28,316,0.77728,,,11635,CCCCCCCCCCCCCCCCCC
N-alkane,N-nonadecane,32,330,0.785,,,12401,CCCCCCCCCCCCCCCCCCC
N-alkane,N-eicosane,37,344,0.789,187,,8222,CCCCCCCCCCCCCCCCCCCC
N-alkane,N-heneicosane,40,359,0.792,,,12403,CCCCCCCCCCCCCCCCCCCCC
N-alkane,N-docosane,44,369,0.794,211,,12405,CCCCCCCCCCCCCCCCCCCCCC
N-alkane,N-tricosane,47,381,0.77948,,,12534,CCCCCCCCCCCCCCCCCCCCCCC
N-alkane,N-tetracosane,50,391,0.799,,,12592,CCCCCCCCCCCCCCCCCCCCCCCC
N-alkane,N-pentacosane,53,402,0.801,,,12406,CCCCCCCCCCCCCCCCCCCCCCCCC
N-alkane,N-hexacosane,56,415,0.7786,,,12407,CCCCCCCCCCCCCCCCCCCCCCCCCC
N-alkane,N-heptacosane,59,422,0.7806,269,,11636,CCCCCCCCCCCCCCCCCCCCCCCCCCC
N-alkane,N-octacosane,61,435,0.806,,,12408,CCCCCCCCCCCCCCCCCCCCCCCCCCCC
N-alkane,N-nonacosane,64,443,0.808,,,12409,CCCCCCCCCCCCCCCCCCCCCCCCCCCCC
N-alkane,N-triacontane,66,451,0.81,,,12535,CCCCCCCCCCCCCCCCCCCCCCCCCCCCCC
N-alkane,N-hentriacontane,68,458,0.78168,,,12410,CCCCCCCCCCCCCCCCCCCCCCCCCCCCCCC
N-alkane,N-dotriacontane,70,470,0.812,,,11008,CCCCCCCCCCCCCCCCCCCCCCCCCCCCCCCC
N-alkane,N-tritriacontane,71,,,,,12411,CCCCCCCCCCCCCCCCCCCCCCCCCCCCCCCCC
N-alkane,N-pentatriacontane,74,489,0.816,,,12413,CCCCCCCCCCCCCCCCCCCCCCCCCCCCCCCCCCC
N-alkane,N-tetracontane,81,522,0.81725,,,20149,CCCCCCCCCCCCCCCCCCCCCCCCCCCCCCCCCCCCCCCC
N-alkane,N-pentacontane,92,575,,,,81067,CCCCCCCCCCCCCCCCCCCCCCCCCCCCCCCCCCCCCCCCCCCCCCCCCC
N-alkane,N-hexacontane,100,625,,,,24318,CCCCCCCCCCCCCCCCCCCCCCCCCCCCCCCCCCCCCCCCCCCCCCCCCCCCCCCCCCCC
Dicycloalkane,trans-Decahydronaphthalene,-30,187,0.866,,250,7044,C1CCC2CCCCC2C1
Dicycloalkane,cis-Decahydronaphthalene,-43,196,0.897,,250,7044,C1CCC2CCCCC2C1
Diaromatics,Naphthalene,80,218,1.025,80,540,931,C1=CC=C2C=CC=CC2=C1
Diaromatics,1-methylnaphthalene,-31,240,1.02,94,485,7002,CC1=CC=CC2=CC=CC=C12
Diaromatics,1-ethylnaphthalene,-14,258,1.008,,,14315,CCC1=CC=CC2=CC=CC=C21
Diaromatics,1-propylnaphthalene,-9,273,0.99,,,33800,CCCC1=CC=CC2=CC=CC=C21
Diaromatics,1-butylnaphthalene,-20,288,0.974,,,15414,CCCCC1=CC=CC2=CC=CC=C21
Diaromatics,1-pentylnaphthalene,-25,305,0.966,,,518732,CCCCCC1=CC=CC2=CC=CC=C21
Diaromatics,1-hexylnaphthalene,-18,322,0.957,,,169780,CCCCCCC1=CC=CC2=CC=CC=C21
Diaromatics,1-nonylnaphthalene,8,366,0.937,,,117797,CCCCCCCCCC1=CC=CC2=CC=CC=C21
Diaromatics,1-decylnaphthalene,15,379,0.932,,,4526742,CCCCCCCCCCC1=CC=CC2=CC=CC=C21
Diaromatics,2-methylnaphthalene,35,241,1.006,98,488,7055,CC1=CC2=CC=CC=C2C=C1
Diaromatics,2-ethylnaphthalene,-7,259,0.992,,,13652,CCC1=CC2=CC=CC=C2C=C1
Diaromatics,"1,2-dimethylnaphthalene",-3,267,1.018,,,11317,CC1=C(C2=CC=CC=C2C=C1)C
Diaromatics,"1,3-dimethylnaphthalene",-6,265,1.014,,,11327,CC1=CC2=CC=CC=C2C(=C1)C
Diaromatics,"1,4-dimethylnaphthalene",8,264,1.017,,,11304,CC1=CC=C(C2=CC=CC=C12)C
Diaromatics,"1,5-dimethylnaphthalene",82,267,-,,,11306,CC1=C2C=CC=C(C2=CC=C1)C
Diaromatics,"1,6-dimethylnaphthalene",-16,263,1.002,,,11328,CC1=CC2=CC=CC(=C2C=C1)C
Diaromatics,"1,7-dimethylnaphthalene",-14,263,1.012,,,11326,CC1=CC2=C(C=CC=C2C=C1)C
Diaromatics,"1,8-dimethylnaphthalene",63,276,1.003,,,11287,CC1=C2C(=CC=CC2=CC=C1)C
Diaromatics,"2,6-dimethylnaphthalene",110,253,1.003,,,11387,CC1=CC2=C(C=C1)C=C(C=C2)C
Cycloalkene,Cyclopropene,,-36,-,,,123173,C1C=C1
Cycloalkene,Cyclobutene,,2,0.717,,,69972,C1CC=C1
Cycloalkene,Cyclopentene,-135,44,0.772,-29,309,8882,C1CC=CC1
Cycloalkene,Cyclohexene,-104,83,0.811,-17,265,8079,C1CCC=CC1
Cycloalkene,Cycloheptene,-55,115,0.823,,,12363,C1CCC=CCC1
Cycloalkene,Cyclooctene,-13,145,0.848,,,638079,C1CCCC=CCC1
Cycloalkane,Cyclopropane,-129,-33,-,,495,6351,C1CC1
Cycloalkane,Cyclobutane,-91,13,0.704,<10,,9250,C1CCC1
Cycloalkane,Cyclopentane,-94,49,0.746,-51,320,9253,C1CCCC1
Cycloalkane,Cyclohexane,7,81,0.777,-18,260,8078,C1CCCCC1
Cycloalkane,Cycloheptane,-8,119,0.81,6,,9265,C1CCCCCC1
Cycloalkane,Cyclooctane,15,151,0.831,28,250,9266,C1CCCCCCC1
Cycloalkane,Cyclononane,11,173,0.849,,,136143,C1CCCCCCCC1
Cycloalkane,Cyclodecane,10,202,0.857,65,,9267,C1CCCCCCCCC1
Alkylcyclopentane,Methylcyclopentane,-142,72,0.749,<-10,315,7296,CC1CCCC1
Alkylcyclopentane,Ethylcyclopentane,-138,104,0.767,,,15431,CCC1CCCC1
Alkylcyclopentane,propylcyclopentane,-117,131,0.776,,,16270,CCCC1CCCC1
Alkylcyclopentane,butylcyclopentane,-108,156,0.785,,,16269,CCCCC1CCCC1
Alkylcyclopentane,pentylcyclopentane,-83,180,0.791,,,19540,CCCCCC1CCCC1
Alkylcyclopentane,hexylcyclopentane,-73,206,0.797,,,138257,CCCCCCC1CCCC1
Alkylcyclopentane,heptylcyclopentane,-61,224,0.801,,,138541,CCCCCCCC1CCCC1
Alkylcyclopentane,octylcyclopentane,-45,242,0.805,,,137210,CCCCCCCCC1CCCC1
Alkylcyclopentane,nonylcyclopentane,-29,262,0.808,,,137755,CCCCCCCCCC1CCCC1
Alkylcyclopentane,decylcyclopentane,-22,279,0.811,,,137211,CCCCCCCCCCC1CCCC1
Alkylcyclohexane,Methylcyclohexane,-127,101,0.77,-4,260,7962,CC1CCCCC1
Alkylcyclohexane,Ethylcyclohexane,-113,132,0.788,,0,15504,CCC1CCCCC1
Alkylcyclohexane,Propylcyclohexane,-95,156,0.794,35,248,15505,CCCC1CCCCC1
Alkylcyclohexane,butylcyclohexane,-75,181,0.79,41,0,15506,CCCCC1CCCCC1
Alkylcyclohexane,pentylcyclohexane,-58,204,0.804,,0,20284,CCCCCC1CCCCC1
Alkylcyclohexane,hexylcyclohexane,-48,225,0.808,,,20283,CCCCCCC1CCCCC1
Alkylcyclohexane,heptylcyclohexane,-40,244,0.811,,,21832,CCCCCCCC1CCCCC1
Alkylcyclohexane,octylcyclohexane,-20,263,0.814,,,15712,CCCCCCCCC1CCCCC1
Alkylcyclohexane,nonylcyclohexane,-10,281,0.816,,,17900,CCCCCCCCCC1CCCCC1
Alkylcyclohexane,decylcyclohexane,-2,298,0.819,,,15713,CCCCCCCCCCC1CCCCC1
Alkylcyclohexane,dodecylcyclohexane,13,331,0.822,,,15714,CCCCCCCCCCCCC1CCCCC1
Alkylcyclohexane,tetradecylcyclohexane,24,358,0.825,,,15715,CCCCCCCCCCCCCCC1CCCCC1
Alkylcyclohexane,pentadecylcyclohexane,25,371,0.827,,,22328,CCCCCCCCCCCCCCCC1CCCCC1
Alkylcyclohexane,octadecylcyclohexane,42,409,0.83,,,20514,CCCCCCCCCCCCCCCCCCC1CCCCC1
Alkylbenzene,Benzene,6,80,0.88,-11,555,241,C1=CC=CC=C1
Alkylbenzene,Methylbenzene,-95,111,0.866,6,535,1140,CC1=CC=CC=C1
Alkylbenzene,Ethylbenzene,-95,136,0.866,,,7500,CCC1=CC=CC=C1
Alkylbenzene,"1,2-Dimethylbenzene",-24,144,0.88,32,463,7237,CC1=CC=CC=C1C
Alkylbenzene,"1,3-Dimethylbenzene",-48,139,0.86,27,527,7929,CC1=CC(=CC=C1)C
Alkylbenzene,"1,4-Dimethylbenzene",13,138,0.861,27,528,7809,CC1=CC=C(C=C1)C
Alkylbenzene,Propylbenzene,-100,159,0.863,39,450,7668,CCCC1=CC=CC=C1
Alkylbenzene,Butylbenzene,-88,183,0.86,58,410,7705,CCCCC1=CC=CC=C1
Alkylbenzene,Pentylbenzene,-75,205,0.859,66,,10864,CCCCCC1=CC=CC=C1
Alkylbenzene,Hexylbenzene,-63,226,0.858,,,14109,CCCCCCC1=CC=CC=C1
Alkylbenzene,Heptylbenzene,-48,242,0.857,,,14115,CCCCCCCC1=CC=CC=C1
Alkylbenzene,Octylbenzene,-36,263,0.856,,,16607,CCCCCCCCC1=CC=CC=C1
Alkylbenzene,Nonylbenzene,-24,280,0.858,,,14126,CCCCCCCCCC1=CC=CC=C1
Alkylbenzene,Decylbenzene,-14,298,0.855,,,7716,CCCCCCCCCCC1=CC=CC=C1
Alkylbenzene,Dodecylbenzene,3,329,0.855,,,31237,CCCCCCCCCCCCC1=CC=CC=C1
Alkylbenzene,Tetradecylbenzene,16,347,0.855,,,15086,CCCCCCCCCCCCCCC1=CC=CC=C1
Alkylbenzene,Pentadecylbenzene,22,373,0.855,,,16476,CCCCCCCCCCCCCCCC1=CC=CC=C1
Alkylbenzene,Hexadecylbenzene,27,385,0.855,,,15085,CCCCCCCCCCCCCCCCC1=CC=CC=C1
Alkylbenzene,Heptadecylbenzene,32,395,0.855,,,84623,CCCCCCCCCCCCCCCCCC1=CC=CC=C1
Alkylbenzene,Octadecylbenzene,35,400,0.8536,,,78187,CCCCCCCCCCCCCCCCCCC1=CC=CC=C1
Alkylbenzene,Nonadecylbenzene,40,419,0.855,,,94400,CCCCCCCCCCCCCCCCCCCC1=CC=CC=C1
3-methylalkane,3-methylpentane,-118,63,0.66,<-20,300,7282,CCC(C)CC
3-methylalkane,3-methylhexane,-119,92,0.687,-11,280,11507,CCCC(C)CC
3-methylalkane,3-methylheptane,-121,120,0.705,6,410,11519,CCCCC(C)CC
3-methylalkane,3-methyloctane,-108,144,0.72,,,16664,CCCCCC(C)CC
3-methylalkane,3-methylnonane,-85,168,0.735,,,22202,CCCCCCC(C)CC
3-methylalkane,3-methyldecane,-80,192,0.742,,,92239,CCCCCCCC(C)CC
3-methylalkane,3-methylundecane,-58,212,0.749,,,13845,CCCCCCCCC(C)CC
2-methylalkene,2-methyl-1-propene,-140,-7,0.594,-80,465,8255,CC(=C)C
2-methylalkene,2-methyl-1-butene,-138,31,0.65,-37,,11240,CCC(=C)C
2-methylalkene,2-methyl-1-pentene,-136,62,0.68,-26,300,12986,CCCC(=C)C
2-methylalkene,2-methyl-1-hexene,-103,92,0.7,-6,,22468,CCCCC(=C)C
2-methylalkene,2-methyl-1-heptene,-90,118,0.722,14,,27519,CCCCCC(=C)C
2-methylalkene,2-methyl-1-octene,-78,145,0.734,31,,78335,CCCCCCC(=C)C
2-methylalkene,2-methyl-1-nonene,-64,167,0.744,,,137784,CCCCCCCC(=C)C
2-methylalkene,2-methyl-1-decene,-51,,,,,518718,CCCCCCCCC(=C)C
2-methylalkane,2-methylpropane,-160,-12,0.555,-83,460,6360,CC(C)C
2-methylalkane,2-methylbutane,-160,28,0.62,-51,420,6556,CCC(C)C
2-methylalkane,2-methylpentane,-154,60,0.653,<-7,300,7892,CCCC(C)C
2-methylalkane,2-methylhexane,-118,90,0.679,-10,280,11582,CCCCC(C)C
2-methylalkane,2-methylheptane,-110,117,0.698,6,,11594,CCCCCC(C)C
2-methylalkane,2-methyloctane,-80,143,0.714,26,,18591,CCCCCCC(C)C
2-methylalkane,2-methylnonane,-75,167,0.728,46,,13379,CCCCCCCC(C)C
2-methylalkane,2-methyldecane,-49,189,0.737,50,,23415,CCCCCCCCC(C)C
2-methylalkane,2-methylundecane,-47,211,0.74,42,,23459,CCCCCCCCCC(C)C
2-alkyne,2-butyne,-32,27,0.691,-25,,10419,CC#CC
2-alkyne,2-pentyne,-109,56,0.709,,,12310,CCC#CC
2-alkyne,2-hexyne,,,,,,33629,CCCC#CC
"2,2-dimetylalkane","2,2-dimethylpropane",-17,10,0.59,-19,450,10041,CC(C)(C)C
"2,2-dimetylalkane","2,2-dimethylbutane",-100,50,0.649,-48,435,6403,CCC(C)(C)C
"2,2-dimetylalkane","2,2-dimethylpentane",-123,79,0.674,-21,320,11542,CCCC(C)(C)C
"2,2-dimetylalkane","2,2-dimethylhexane",-121,106,0.691,-3,,11551,CCCCC(C)(C)C
"2,2-dimetylalkane","2,2-dimethylheptane",-113,133,0.711,,,14062,CCCCCC(C)(C)C
"2,2-dimetylalkane","2,2-dimethyloctane",,154,0.724,,,85150,CCCCCCC(C)(C)C
1-alkyne,Propyne,-103,-23,-,,340,6335,CC#C
1-alkyne,1-butyne,-126,8,0.683,<-14,,7846,CCC#C
1-alkyne,1-pentyne,-106,40,0.69,<-20,,12309,CCCC#C
1-alkyne,1-hexyne,-132,71,0.719,-20,263,12732,CCCCC#C
1-alkyne,1-heptyne,-81,100,0.7333,-2,245,12350,CCCCCC#C
1-alkyne,1-octyne,-79,126,0.746,,,12370,CCCCCCC#C
1-alkyne,1-nonyne,-50,151,0.766,,,18937,CCCCCCCC#C
1-alkyne,1-decyne,-44,174,0.765,,,12997,CCCCCCCCC#C
1-alkyne,1-undecyne,-25,196,0.773,,,75249,CCCCCCCCCC#C
1-alkyne,1-dodecyne,-19,215,0.779,,,69821,CCCCCCCCCCC#C
1-alkyne,1-tridecyne,1,234,0.784,,,117754,CCCCCCCCCCCC#C
1-alkyne,1-tetradecyne,,252,0.79,,,69823,CCCCCCCCCCCCC#C
1-alkyne,1-pentadecyne,,,0.794,,,69825,CCCCCCCCCCCCCC#C
1-alkyne,1-hexadecyne,15,284,0.796,,,12396,CCCCCCCCCCCCCCC#C
1-alkene,Ethene,0,-104,-,,440,6325,C=C
1-alkene,Propene,-185,-48,0.51,-108,485,8252,CC=C
1-alkene,But-1-ene,-185,-6,0.593,-80,360,7844,CCC=C
1-alkene,1-pentene,-165,30,0.641,-51,280,8004,CCCC=C
1-alkene,1-hexene,-140,64,0.673,-26,255,11597,CCCCC=C
1-alkene,1-heptene,-119,94,0.697,-8,250,11610,CCCCCC=C
1-alkene,1-octene,-102,121,0.715,10,240,8125,CCCCCCC=C
1-alkene,1-nonene,-81,147,0.733,26,,31285,CCCCCCCC=C
1-alkene,1-decene,-66,172,0.741,44,230,13381,CCCCCCCCC=C
1-alkene,1-undecene,-49,193,0.751,63,,13190,CCCCCCCCCC=C
1-alkene,1-dodecene,-35,213,0.758,76,225,8183,CCCCCCCCCCC=C
1-alkene,1-tridecene,-23,233,0.766,,,17095,CCCCCCCCCCCC=C
1-alkene,1-tetradecene,-13,251,0.778,,,14260,CCCCCCCCCCCCC=C
1-alkene,1-pentadecene,-4,268,0.776,,,25913,CCCCCCCCCCCCCC=C
1-alkene,1-hexadecene,4,285,0.781,,,12395,CCCCCCCCCCCCCCC=C
1-alkene,1-heptadecene,11,301,0.785,,,23217,CCCCCCCCCCCCCCCC=C
1-alkene,1-octadecene,18,316,0.789,,,8217,CCCCCCCCCCCCCCCCC=C
1-alkene,1-nonadecene,23,331,0.78925,,,29075,CCCCCCCCCCCCCCCCCC=C
1-alkene,1-docosene,38,367,0.79425,,,74138,CCCCCCCCCCCCCCCCCCCCC=C